SEARCHVAL,BLK_NO,ROAD_NAME,BUILDING,ADDRESS,POSTAL,X,Y,LATITUDE,LONGITUDE
JURONG EAST MRT STATION (EW24 / NS1),10,JURONG EAST STREET 12,JURONG EAST MRT STATION (EW24 / NS1),10 JURONG EAST STREET 12 JURONG EAST MRT STATION (EW24 / NS1) SINGAPORE 609690,609690,17869.0570516568,35038.9688695427,1.33315281585758,103.742286332403
BUKIT BATOK MRT STATION (NS2),10,BUKIT BATOK CENTRAL,BUKIT BATOK MRT STATION (NS2),10 BUKIT BATOK CENTRAL BUKIT BATOK MRT STATION (NS2) SINGAPORE 659958,659958,18679.3223191258,36794.9260214306,1.34903331201636,103.749566478309
BUKIT GOMBAK MRT STATION (NS3),802,BUKIT BATOK WEST AVENUE 5,BUKIT GOMBAK MRT STATION (NS3),802 BUKIT BATOK WEST AVENUE 5 BUKIT GOMBAK MRT STATION (NS3) SINGAPORE 659083,659083,18926.9127006577,37854.0358848721,1.35861159094192,103.751790910733
CHOA CHU KANG LRT STATION (BP1),15,CHOA CHU KANG AVENUE 4,CHOA CHU KANG LRT STATION (BP1),15 CHOA CHU KANG AVENUE 4 CHOA CHU KANG LRT STATION (BP1) SINGAPORE 689813,689813,18119.8205469949,40744.9184182286,1.38475541089131,103.74453769781
YEW TEE MRT STATION (NS5),61,CHOA CHU KANG DRIVE,YEW TEE MRT STATION (NS5),61 CHOA CHU KANG DRIVE YEW TEE MRT STATION (NS5) SINGAPORE 689715,689715,18438.9831173802,42158.0181021616,1.39753506936297,103.747405150236
KRANJI MRT STATION (NS7),960,WOODLANDS ROAD,KRANJI MRT STATION (NS7),960 WOODLANDS ROAD KRANJI MRT STATION (NS7) SINGAPORE 738702,738702,20078.5865077013,45204.5168451127,1.42508698073648,103.762137459497
MARSILING MRT STATION (NS8),71,WOODLANDS AVENUE 3,MARSILING MRT STATION (NS8),71 WOODLANDS AVENUE 3 MARSILING MRT STATION (NS8) SINGAPORE 739044,739044,21407.0413211482,46026.5125302058,1.43252114855026,103.774074641403
WOODLANDS MRT STATION (TE2),11,WOODLANDS SQUARE,WOODLANDS MRT STATION (TE2),11 WOODLANDS SQUARE WOODLANDS MRT STATION (TE2) SINGAPORE 737736,737736,22949.9191319831,46417.5223346148,1.43605761708128,103.787938777173
ADMIRALTY MRT STATION (NS10),70,WOODLANDS AVENUE 7,ADMIRALTY MRT STATION (NS10),70 WOODLANDS AVENUE 7 ADMIRALTY MRT STATION (NS10) SINGAPORE 738344,738344,24402.3866267931,46918.506801948,1.44058856161847,103.800990519771
SEMBAWANG MRT STATION (NS11),11,CANBERRA ROAD,SEMBAWANG MRT STATION (NS11),11 CANBERRA ROAD SEMBAWANG MRT STATION (NS11) SINGAPORE 759775,759775,26522.9882623879,47854.1998395547,1.44905082158502,103.820046140211
CANBERRA MRT STATION (NS12),11,CANBERRA LINK,CANBERRA MRT STATION (NS12),11 CANBERRA LINK CANBERRA MRT STATION (NS12) SINGAPORE 756972,756972,27597.5969376964,47193.6008830499,1.44307664075699,103.829702590959
YISHUN MRT STATION (NS13),301,YISHUN AVENUE 2,YISHUN MRT STATION (NS13),301 YISHUN AVENUE 2 YISHUN MRT STATION (NS13) SINGAPORE 769093,769093,28187.6788169928,45686.0705381557,1.42944308477331,103.835005047246
KHATIB MRT STATION (NS14),201,YISHUN AVENUE 2,KHATIB MRT STATION (NS14),201 YISHUN AVENUE 2 KHATIB MRT STATION (NS14) SINGAPORE 769092,769092,27962.3108561579,44352.5679935999,1.41738337009565,103.832979908243
YIO CHU KANG MRT STATION (NS15),3000,ANG MO KIO AVENUE 8,YIO CHU KANG MRT STATION (NS15),3000 ANG MO KIO AVENUE 8 YIO CHU KANG MRT STATION (NS15) SINGAPORE 569813,569813,29294.1262330338,40413.0626359228,1.38175587099132,103.84494727118
ANG MO KIO MRT STATION,2450,ANG MO KIO AVENUE 8,ANG MO KIO MRT STATION,2450 ANG MO KIO AVENUE 8 ANG MO KIO MRT STATION SINGAPORE 569811,569811,29807.2610862684,39105.7359950263,1.36993284962264,103.849558091776
BISHAN MRT STATION,17,BISHAN PLACE,BISHAN MRT STATION,17 BISHAN PLACE BISHAN MRT STATION SINGAPORE 579842,579842,29862.8212393234,37014.32792053,1.35101889777844,103.850057208608
BRADDELL MRT STATION,377,LORONG 1 TOA PAYOH,BRADDELL MRT STATION,377 LORONG 1 TOA PAYOH BRADDELL MRT STATION SINGAPORE 319756,319756,29495.4316916373,35807.5454679448,1.34010520696434,103.846755921048
TOA PAYOH MRT STATION (NS19),510,LORONG 6 TOA PAYOH,TOA PAYOH MRT STATION (NS19),510 LORONG 6 TOA PAYOH TOA PAYOH MRT STATION (NS19) SINGAPORE 319398,319398,29578.4890669128,34980.8962922301,1.33262928096888,103.847502198048
NOVENA MRT STATION (NS20),250,THOMSON ROAD,NOVENA MRT STATION (NS20),250 THOMSON ROAD NOVENA MRT STATION (NS20) SINGAPORE 307642,307642,29169.3297925005,33633.1535391063,1.32044079120154,103.843825618748
NEWTON MRT STATION,49,SCOTTS ROAD,NEWTON MRT STATION,49 SCOTTS ROAD NEWTON MRT STATION SINGAPORE 228234,228234,28524.5093542989,32762.8750020154,1.31257031730604,103.838031555215
ORCHARD MRT STATION (NS22),437,ORCHARD ROAD,ORCHARD MRT STATION (NS22),437 ORCHARD ROAD ORCHARD MRT STATION (NS22) SINGAPORE 238878,238878,27880.5476490632,31813.0165782962,1.30398013681715,103.832245244375
SOMERSET MRT STATION,1,SOMERSET ROAD,SOMERSET MRT STATION,1 SOMERSET ROAD SOMERSET MRT STATION SINGAPORE 238162,238162,28649.912577102,31400.8761193641,1.30025287710542,103.839158336848
DHOBY GHAUT MRT STATION (CC1),13,ORCHARD ROAD,DHOBY GHAUT MRT STATION (CC1),13 ORCHARD ROAD DHOBY GHAUT MRT STATION (CC1) SINGAPORE 238893,238893,29443.8824096406,31252.5723822247,1.29891164362677,103.84629250696
CITY HALL MRT STATION,150,NORTH BRIDGE ROAD,CITY HALL MRT STATION,150 NORTH BRIDGE ROAD CITY HALL MRT STATION SINGAPORE 179100,179100,30139.4703683555,30597.7816701867,1.29298990700923,103.852542630339
RAFFLES PLACE MRT STATION,5,RAFFLES PLACE,RAFFLES PLACE MRT STATION,5 RAFFLES PLACE RAFFLES PLACE MRT STATION SINGAPORE 048618,048618,30019.3313532807,29596.3437267561,1.28393326234538,103.851463066212
MARINA BAY MRT STATION,21,PARK STREET,MARINA BAY MRT STATION,21 PARK STREET MARINA BAY MRT STATION SINGAPORE 018925,018925,30369.0068661757,28753.5319017563,1.27631114381584,103.854604975361
MARINA SOUTH PIER MRT STATION (NS28),33,MARINA COASTAL DRIVE,MARINA SOUTH PIER MRT STATION (NS28),33 MARINA COASTAL DRIVE MARINA SOUTH PIER MRT STATION (NS28) SINGAPORE 018948,018948,31241.8260070179,28169.2510934137,1.27102703612006,103.862447515736
PASIR RIS MRT STATION (EW1),10,PASIR RIS CENTRAL,PASIR RIS MRT STATION (EW1),10 PASIR RIS CENTRAL PASIR RIS MRT STATION (EW1) SINGAPORE 519634,519634,40905.597462655,39449.9823396821,1.37304331635804,103.949284527763
TAMPINES MRT STATION (DT32),15,TAMPINES CENTRAL 1,TAMPINES MRT STATION (DT32),15 TAMPINES CENTRAL 1 TAMPINES MRT STATION (DT32) SINGAPORE 529544,529544,40207.3952279184,37471.4394600224,1.35515041120473,103.943009883131
SIMEI MRT STATION (EW3),30,SIMEI STREET 3,SIMEI MRT STATION (EW3),30 SIMEI STREET 3 SIMEI MRT STATION (EW3) SINGAPORE 529888,529888,41361.2281713123,36149.7527796105,1.34319707851829,103.953377214378
TANAH MERAH MRT STATION (EW4),920,NEW UPPER CHANGI ROAD,TANAH MERAH MRT STATION (EW4),920 NEW UPPER CHANGI ROAD TANAH MERAH MRT STATION (EW4) SINGAPORE 467356,467356,40579.0997793637,34379.4316836372,1.32718729074675,103.946348600798
BEDOK MRT STATION (EW5),315,NEW UPPER CHANGI ROAD,BEDOK MRT STATION (EW5),315 NEW UPPER CHANGI ROAD BEDOK MRT STATION (EW5) SINGAPORE 467347,467347,38757.952049505,34024.7047772072,1.32397996868158,103.929984495066
KEMBANGAN MRT STATION (EW6),55,SIMS AVENUE EAST,KEMBANGAN MRT STATION (EW6),55 SIMS AVENUE EAST KEMBANGAN MRT STATION (EW6) SINGAPORE 416551,416551,36861.9614935443,33699.3440501876,1.3210381335934,103.912947930851
EUNOS MRT STATION (EW7),30,EUNOS CRESCENT,EUNOS MRT STATION (EW7),30 EUNOS CRESCENT EUNOS MRT STATION (EW7) SINGAPORE 409423,409423,35779.9883453855,33560.5858968049,1.31978354916088,103.903225807255
PAYA LEBAR MRT STATION (CC9),15,PAYA LEBAR ROAD,PAYA LEBAR MRT STATION (CC9),15 PAYA LEBAR ROAD PAYA LEBAR MRT STATION (CC9) SINGAPORE 409049,409049,34559.6916920897,33280.1181892157,1.3172473854035,103.892260753884
ALJUNIED MRT STATION (EW9),81,LORONG 25 GEYLANG,ALJUNIED MRT STATION (EW9),81 LORONG 25 GEYLANG ALJUNIED MRT STATION (EW9) SINGAPORE 388310,388310,33518.6048692847,33190.002017457,1.3164326118157,103.882906044385
KALLANG MRT STATION (EW10),5,SIMS AVENUE,KALLANG MRT STATION (EW10),5 SIMS AVENUE KALLANG MRT STATION (EW10) SINGAPORE 387405,387405,32236.6038438473,32643.3302382641,1.31148890998818,103.871386541754
LAVENDER MRT STATION,50,KALLANG ROAD,LAVENDER MRT STATION,50 KALLANG ROAD LAVENDER MRT STATION SINGAPORE 208699,208699,31279.2955007609,32190.2886529341,1.30739187893137,103.862784610013
BUGIS MRT STATION,320,VICTORIA STREET,BUGIS MRT STATION,320 VICTORIA STREET BUGIS MRT STATION SINGAPORE 188045,188045,30491.6001001745,31424.3513016403,1.3004650853709,103.855706731205
CITY HALL MRT STATION,150,NORTH BRIDGE ROAD,CITY HALL MRT STATION,150 NORTH BRIDGE ROAD CITY HALL MRT STATION SINGAPORE 179100,179100,30139.4703683555,30597.7816701867,1.29298990700923,103.852542630339
RAFFLES PLACE MRT STATION,5,RAFFLES PLACE,RAFFLES PLACE MRT STATION,5 RAFFLES PLACE RAFFLES PLACE MRT STATION SINGAPORE 048618,048618,30019.3313532807,29596.3437267561,1.28393326234538,103.851463066212
TANJONG PAGAR MRT STATION (EW15),120,MAXWELL ROAD,TANJONG PAGAR MRT STATION (EW15),120 MAXWELL ROAD TANJONG PAGAR MRT STATION (EW15) SINGAPORE 069119,069119,29380.7567437869,28781.1883335691,1.27656131737246,103.845725186759
OUTRAM PARK MRT STATION (EW16),10,OUTRAM ROAD,OUTRAM PARK MRT STATION (EW16),10 OUTRAM ROAD OUTRAM PARK MRT STATION (EW16) SINGAPORE 169037,169037,28646.8726726929,29316.780396251,1.28140504772213,103.839130979249
TIONG BAHRU MRT STATION,300,TIONG BAHRU ROAD,TIONG BAHRU MRT STATION,300 TIONG BAHRU ROAD TIONG BAHRU MRT STATION SINGAPORE 168731,168731,27296.6770021692,29846.3821525425,1.28619457890544,103.826998939732
REDHILL MRT STATION (EW18),920,TIONG BAHRU ROAD,REDHILL MRT STATION (EW18),920 TIONG BAHRU ROAD REDHILL MRT STATION (EW18) SINGAPORE 158792,158792,26155.053497511,30226.759782847,1.28963453412887,103.81674097205
QUEENSTOWN MRT STATION (EW19),301,COMMONWEALTH AVENUE,QUEENSTOWN MRT STATION (EW19),301 COMMONWEALTH AVENUE QUEENSTOWN MRT STATION (EW19) SINGAPORE 149729,149729,24968.2673462247,30770.3911128063,1.29455085184931,103.806077155982
COMMONWEALTH MRT STATION (EW20),375,COMMONWEALTH AVENUE,COMMONWEALTH MRT STATION (EW20),375 COMMONWEALTH AVENUE COMMONWEALTH MRT STATION (EW20) SINGAPORE 149735,149735,24094.7951433668,31649.5989169721,1.30250199924325,103.798228523336
BUONA VISTA MRT STATION,150,NORTH BUONA VISTA ROAD,BUONA VISTA MRT STATION,150 NORTH BUONA VISTA ROAD BUONA VISTA MRT STATION SINGAPORE 139350,139350,23219.4630031772,32066.8500946872,1.30627534823257,103.790363200126
DOVER MRT STATION (EW22),200,COMMONWEALTH AVENUE WEST,DOVER MRT STATION (EW22),200 COMMONWEALTH AVENUE WEST DOVER MRT STATION (EW22) SINGAPORE 138677,138677,21914.5509301452,32634.1186314393,1.31140529320963,103.778637841909
CLEMENTI MRT STATION (EW23),3150,COMMONWEALTH AVENUE WEST,CLEMENTI MRT STATION (EW23),3150 COMMONWEALTH AVENUE WEST CLEMENTI MRT STATION (EW23) SINGAPORE 129580,129580,20418.1055078562,33044.4944669213,1.31511625277378,103.765191452888
JURONG EAST MRT STATION (EW24 / NS1),10,JURONG EAST STREET 12,JURONG EAST MRT STATION (EW24 / NS1),10 JURONG EAST STREET 12 JURONG EAST MRT STATION (EW24 / NS1) SINGAPORE 609690,609690,17869.0570516568,35038.9688695427,1.33315281585758,103.742286332403
CHINESE GARDEN MRT STATION (EW25),151,BOON LAY WAY,CHINESE GARDEN MRT STATION (EW25),151 BOON LAY WAY CHINESE GARDEN MRT STATION (EW25) SINGAPORE 609959,609959,16790.7466322081,36056.3018932827,1.34235282081401,103.732596738363
LAKESIDE MRT STATION (EW26),201,BOON LAY WAY,LAKESIDE MRT STATION (EW26),201 BOON LAY WAY LAKESIDE MRT STATION (EW26) SINGAPORE 649845,649845,15494.4969534362,36267.1470333859,1.34425911493819,103.720949087456
BOON LAY MRT STATION (EW27),301,BOON LAY WAY,BOON LAY MRT STATION (EW27),301 BOON LAY WAY BOON LAY MRT STATION (EW27) SINGAPORE 649846,649846,13837.9827195406,35641.9191215802,1.33860405469845,103.706064622772
PIONEER MRT STATION (EW28),31,JURONG WEST STREET 63,PIONEER MRT STATION (EW28),31 JURONG WEST STREET 63 PIONEER MRT STATION (EW28) SINGAPORE 648310,648310,12864.9698331021,35529.5115483906,1.33758701106708,103.697321608474
JOO KOON MRT STATION (EW29),91,JOO KOON CIRCLE,JOO KOON MRT STATION (EW29),91 JOO KOON CIRCLE JOO KOON MRT STATION (EW29) SINGAPORE 629116,629116,10756.3379743481,34438.2617777772,1.3277170408447,103.678374996165
GUL CIRCLE MRT STATION (EW30),7A,TUAS ROAD,GUL CIRCLE MRT STATION (EW30),7A TUAS ROAD GUL CIRCLE MRT STATION (EW30) SINGAPORE 637288,637288,8770.35150132887,33526.5733700171,1.31947090075208,103.660530461345
TUAS CRESCENT MRT STATION (EW31),90,PIONEER ROAD,TUAS CRESCENT MRT STATION (EW31),90 PIONEER ROAD TUAS CRESCENT MRT STATION (EW31) SINGAPORE 639608,639608,7495.83786702435,33698.7263109088,1.32102695598684,103.649078235627
TUAS WEST ROAD MRT STATION (EW32),131,PIONEER ROAD,TUAS WEST ROAD MRT STATION (EW32),131 PIONEER ROAD TUAS WEST ROAD MRT STATION (EW32) SINGAPORE 639609,639609,6442.92861192208,34689.3517738562,1.32998504653102,103.639616648771
TUAS LINK MRT STATION (EW33),20,TUAS WEST DRIVE,TUAS LINK MRT STATION (EW33),20 TUAS WEST DRIVE TUAS LINK MRT STATION (EW33) SINGAPORE 638418,638418,6150.86278806347,35894.3582222275,1.34088242451105,103.636991425128
EXPO MRT STATION (CG1),21,CHANGI SOUTH AVENUE 1,EXPO MRT STATION (CG1),21 CHANGI SOUTH AVENUE 1 EXPO MRT STATION (CG1) SINGAPORE 486065,486065,42270.6232344816,35193.6223453786,1.33454977824817,103.961548211018
CHANGI AIRPORT MRT STATION (CG2),70,AIRPORT BOULEVARD,CHANGI AIRPORT MRT STATION (CG2),70 AIRPORT BOULEVARD CHANGI AIRPORT MRT STATION (CG2) SINGAPORE 819661,819661,45201.320394692,37729.1933764666,1.35747897447692,103.98788356959
HARBOURFRONT MRT STATION,81,TELOK BLANGAH ROAD,HARBOURFRONT MRT STATION,81 TELOK BLANGAH ROAD HARBOURFRONT MRT STATION SINGAPORE 098867,098867,26579.7667925926,27537.2307433821,1.26531139858465,103.820557316696
OUTRAM PARK MRT STATION (EW16),10,OUTRAM ROAD,OUTRAM PARK MRT STATION (EW16),10 OUTRAM ROAD OUTRAM PARK MRT STATION (EW16) SINGAPORE 169037,169037,28646.8726726929,29316.780396251,1.28140504772213,103.839130979249
CHINATOWN MRT STATION,151,NEW BRIDGE ROAD,CHINATOWN MRT STATION,151 NEW BRIDGE ROAD CHINATOWN MRT STATION SINGAPORE 059443,059443,29093.2593877828,29599.7432148103,1.2839640518753,103.843141945391
CLARKE QUAY MRT STATION,10,EU TONG SEN STREET,CLARKE QUAY MRT STATION,10 EU TONG SEN STREET CLARKE QUAY MRT STATION SINGAPORE 059815,059815,29424.6004630253,29985.4365992192,1.28745211415803,103.846119192727
DHOBY GHAUT MRT STATION (CC1),13,ORCHARD ROAD,DHOBY GHAUT MRT STATION (CC1),13 ORCHARD ROAD DHOBY GHAUT MRT STATION (CC1) SINGAPORE 238893,238893,29443.8824096406,31252.5723822247,1.29891164362677,103.84629250696
LITTLE INDIA MRT STATION,60,BUKIT TIMAH ROAD,LITTLE INDIA MRT STATION,60 BUKIT TIMAH ROAD LITTLE INDIA MRT STATION SINGAPORE 229900,229900,29838.8603467131,32173.9034431651,1.30724381608438,103.849841614124
FARRER PARK MRT STATION EXIT A,,NIL,FARRER PARK MRT STATION EXIT A,FARRER PARK MRT STATION EXIT A,NIL,30387.3791690767,32736.2502544262,1.31232944448484,103.854770359677
BOON KENG MRT STATION,900,SERANGOON ROAD,BOON KENG MRT STATION,900 SERANGOON ROAD BOON KENG MRT STATION SINGAPORE 328260,328260,31197.8245915845,33577.7477830369,1.31993957653291,103.862052698446
POTONG PASIR MRT STATION,55,UPPER SERANGOON ROAD,POTONG PASIR MRT STATION,55 UPPER SERANGOON ROAD POTONG PASIR MRT STATION SINGAPORE 347694,347694,32011.4318379387,34842.5702445824,1.33137808528793,103.869363547741
WOODLEIGH MRT STATION,400,UPPER SERANGOON ROAD,WOODLEIGH MRT STATION,400 UPPER SERANGOON ROAD WOODLEIGH MRT STATION SINGAPORE 347695,347695,32189.1849914445,35776.9485923164,1.33982824592182,103.87096088798
SERANGOON MRT STATION,21,SERANGOON CENTRAL,SERANGOON MRT STATION,21 SERANGOON CENTRAL SERANGOON MRT STATION SINGAPORE 556082,556082,32201.3552331412,37017.6041270886,1.3510482896351,103.871070417199
KOVAN MRT STATION,900,UPPER SERANGOON ROAD,KOVAN MRT STATION,900 UPPER SERANGOON ROAD KOVAN MRT STATION SINGAPORE 534799,534799,33695.3094792981,37996.6210615803,1.35990191952976,103.884494725197
HOUGANG MRT STATION,80,HOUGANG CENTRAL,HOUGANG MRT STATION,80 HOUGANG CENTRAL HOUGANG MRT STATION SINGAPORE 538758,538758,34559.6618478578,39150.2477892004,1.37033472429161,103.892261757937
BUANGKOK MRT STATION,10,SENGKANG CENTRAL,BUANGKOK MRT STATION,10 SENGKANG CENTRAL BUANGKOK MRT STATION SINGAPORE 545061,545061,34647.3445947971,40627.470590122,1.38369417199994,103.893049981318
SENGKANG LRT STATION (STC),5,SENGKANG SQUARE,SENGKANG LRT STATION (STC),5 SENGKANG SQUARE SENGKANG LRT STATION (STC) SINGAPORE 545062,545062,34913.5878634388,41502.6996980961,1.39160936379906,103.895442583336
PUNGGOL LRT STATION (PTC),70,PUNGGOL CENTRAL,PUNGGOL LRT STATION (PTC),70 PUNGGOL CENTRAL PUNGGOL LRT STATION (PTC) SINGAPORE 828868,828868,35689.1389922583,43004.9202214088,1.40519470149606,103.902411911915
DHOBY GHAUT MRT STATION (CC1),13,ORCHARD ROAD,DHOBY GHAUT MRT STATION (CC1),13 ORCHARD ROAD DHOBY GHAUT MRT STATION (CC1) SINGAPORE 238893,238893,29443.8824096406,31252.5723822247,1.29891164362677,103.84629250696
BRAS BASAH MRT STATION (CC2),65,BRAS BASAH ROAD,BRAS BASAH MRT STATION (CC2),65 BRAS BASAH ROAD BRAS BASAH MRT STATION (CC2) SINGAPORE 189561,189561,29930.7673842637,31025.9015965667,1.29686168649656,103.850667371637
ESPLANADE MRT STATION (CC3),90,BRAS BASAH ROAD,ESPLANADE MRT STATION (CC3),90 BRAS BASAH ROAD ESPLANADE MRT STATION (CC3) SINGAPORE 189562,189562,30421.9934839159,30671.6277715843,1.2936577245386,103.855081226245
PROMENADE MRT STATION (CC4),2,TEMASEK AVENUE,PROMENADE MRT STATION (CC4),2 TEMASEK AVENUE PROMENADE MRT STATION (CC4) SINGAPORE 039193,039193,31008.3618750935,30709.2578067128,1.29399798636232,103.860350000188
NICOLL HIGHWAY MRT STATION (CC5),20,REPUBLIC AVENUE,NICOLL HIGHWAY MRT STATION (CC5),20 REPUBLIC AVENUE NICOLL HIGHWAY MRT STATION (CC5) SINGAPORE 038970,038970,31374.1649264134,31347.1528697051,1.29976684675139,103.86363696572
STADIUM MRT STATION (CC6),3,STADIUM WALK,STADIUM MRT STATION (CC6),3 STADIUM WALK STADIUM MRT STATION (CC6) SINGAPORE 397692,397692,32676.3477050858,31683.9407594204,1.3028124684707,103.875337711089
MOUNTBATTEN MRT STATION,301,MOUNTBATTEN ROAD,MOUNTBATTEN MRT STATION,301 MOUNTBATTEN ROAD MOUNTBATTEN MRT STATION SINGAPORE 398006,398006,33534.1084029563,32053.4526375905,1.30615406128913,103.883045148696
DAKOTA MRT STATION,201,OLD AIRPORT ROAD,DAKOTA MRT STATION,201 OLD AIRPORT ROAD DAKOTA MRT STATION SINGAPORE 397973,397973,34226.6721360786,32305.2884973213,1.30843144331463,103.889268208422
PAYA LEBAR MRT STATION (CC9),15,PAYA LEBAR ROAD,PAYA LEBAR MRT STATION (CC9),15 PAYA LEBAR ROAD PAYA LEBAR MRT STATION (CC9) SINGAPORE 409049,409049,34559.6916920897,33280.1181892157,1.3172473854035,103.892260753884
MACPHERSON MRT STATION,171,PAYA LEBAR ROAD,MACPHERSON MRT STATION,171 PAYA LEBAR ROAD MACPHERSON MRT STATION SINGAPORE 409048,409048,34308.9422410969,34340.774322873,1.32683963232487,103.890007860464
TAI SENG MRT STATION (CC11),33,UPPER PAYA LEBAR ROAD,TAI SENG MRT STATION (CC11),33 UPPER PAYA LEBAR ROAD TAI SENG MRT STATION (CC11) SINGAPORE 534803,534803,34128.792347569,35258.74881576,1.33514150139202,103.888389300191
BARTLEY MRT STATION,90,BARTLEY ROAD,BARTLEY MRT STATION,90 BARTLEY ROAD BARTLEY MRT STATION SINGAPORE 539788,539788,33217.0694948444,36066.3621538337,1.3424454382925,103.880197087117
SERANGOON MRT STATION,21,SERANGOON CENTRAL,SERANGOON MRT STATION,21 SERANGOON CENTRAL SERANGOON MRT STATION SINGAPORE 556082,556082,32201.3552331412,37017.6041270886,1.3510482896351,103.871070417199
LORONG CHUAN MRT STATION,150,SERANGOON AVENUE 3,LORONG CHUAN MRT STATION,150 SERANGOON AVENUE 3 LORONG CHUAN MRT STATION SINGAPORE 554533,554533,31504.881845098,37071.0015116353,1.35153128621585,103.864812169514
BISHAN MRT STATION,17,BISHAN PLACE,BISHAN MRT STATION,17 BISHAN PLACE BISHAN MRT STATION SINGAPORE 579842,579842,29862.8212393234,37014.32792053,1.35101889777844,103.850057208608
MARYMOUNT MRT STATION (CC16),60,MARYMOUNT ROAD,MARYMOUNT MRT STATION (CC16),60 MARYMOUNT ROAD MARYMOUNT MRT STATION (CC16) SINGAPORE 573993,573993,28679.3687734958,36758.7136478554,1.348707263451,103.839423132332
CALDECOTT MRT STATION,38,TOA PAYOH RISE,CALDECOTT MRT STATION,38 TOA PAYOH RISE CALDECOTT MRT STATION SINGAPORE 298113,298113,28692.8318213131,35502.5785213858,1.33734722320212,103.839544077561
BOTANIC GARDENS MRT STATION,100,CLUNY PARK ROAD,BOTANIC GARDENS MRT STATION,100 CLUNY PARK ROAD BOTANIC GARDENS MRT STATION SINGAPORE 257494,257494,26004.2227469468,33848.3595389649,1.32238699517166,103.815385463093
FARRER ROAD MRT STATION (CC20),71,FARRER ROAD,FARRER ROAD MRT STATION (CC20),71 FARRER ROAD FARRER ROAD MRT STATION (CC20) SINGAPORE 268857,268857,25113.2011973979,33301.2602245007,1.31743915158967,103.807379214161
HOLLAND VILLAGE MRT STATION (CC21),200,HOLLAND AVENUE,HOLLAND VILLAGE MRT STATION (CC21),200 HOLLAND AVENUE HOLLAND VILLAGE MRT STATION (CC21) SINGAPORE 278995,278995,23891.2152273953,32726.4128267691,1.31224029631595,103.796399122407
BUONA VISTA MRT STATION,150,NORTH BUONA VISTA ROAD,BUONA VISTA MRT STATION,150 NORTH BUONA VISTA ROAD BUONA VISTA MRT STATION SINGAPORE 139350,139350,23219.4630031772,32066.8500946872,1.30627534823257,103.790363200126
ONE-NORTH MRT STATION (CC23),9,AYER RAJAH AVENUE,ONE-NORTH MRT STATION (CC23),9 AYER RAJAH AVENUE ONE-NORTH MRT STATION (CC23) SINGAPORE 138647,138647,22896.0728127016,31346.4080956969,1.29975987493555,103.78745750525
KENT RIDGE MRT STATION (CC24),301,SOUTH BUONA VISTA ROAD,KENT RIDGE MRT STATION (CC24),301 SOUTH BUONA VISTA ROAD KENT RIDGE MRT STATION (CC24) SINGAPORE 118177,118177,22575.0107144611,30657.9332947638,1.29353349887123,103.784572738173
HAW PAR VILLA MRT STATION,270,PASIR PANJANG ROAD,HAW PAR VILLA MRT STATION,270 PASIR PANJANG ROAD HAW PAR VILLA MRT STATION SINGAPORE 117396,117396,22287.4361145627,29377.8564655874,1.28195688684898,103.781988990137
PASIR PANJANG MRT STATION (CC26),119,PASIR PANJANG ROAD,PASIR PANJANG MRT STATION (CC26),119 PASIR PANJANG ROAD PASIR PANJANG MRT STATION (CC26) SINGAPORE 117424,117424,23329.2647148455,28742.7657615561,1.27621352233766,103.791350313288
LABRADOR PARK MRT STATION,701,TELOK BLANGAH ROAD,LABRADOR PARK MRT STATION,701 TELOK BLANGAH ROAD LABRADOR PARK MRT STATION SINGAPORE 109029,109029,24672.1010278082,28317.5716898218,1.27236838626952,103.803416232089
TELOK BLANGAH MRT STATION (CC28),463,TELOK BLANGAH ROAD,TELOK BLANGAH MRT STATION (CC28),463 TELOK BLANGAH ROAD TELOK BLANGAH MRT STATION (CC28) SINGAPORE 109028,109028,25378.2908018399,28133.7990515903,1.27070647717762,103.809761611219
HARBOURFRONT MRT STATION,81,TELOK BLANGAH ROAD,HARBOURFRONT MRT STATION,81 TELOK BLANGAH ROAD HARBOURFRONT MRT STATION SINGAPORE 098867,098867,26579.7667925926,27537.2307433821,1.26531139858465,103.820557316696
BAYFRONT MRT STATION (DT16 / CE1),11,BAYFRONT AVENUE,BAYFRONT MRT STATION (DT16 / CE1),11 BAYFRONT AVENUE BAYFRONT MRT STATION (DT16 / CE1) SINGAPORE 018957,018957,30867.0092712184,29368.6250332333,1.28187378879209,103.859079764874
MARINA BAY MRT STATION,21,PARK STREET,MARINA BAY MRT STATION,21 PARK STREET MARINA BAY MRT STATION SINGAPORE 018925,018925,30369.0068661757,28753.5319017563,1.27631114381584,103.854604975361
BUKIT PANJANG LRT STATION (BP6),11,PETIR ROAD,BUKIT PANJANG LRT STATION (BP6),11 PETIR ROAD BUKIT PANJANG LRT STATION (BP6) SINGAPORE 678268,678268,20185.8730407264,39989.791610267,1.37792694616982,103.763102931112
CASHEW MRT STATION,1,CASHEW ROAD,CASHEW MRT STATION,1 CASHEW ROAD CASHEW MRT STATION SINGAPORE 679696,679696,20320.7412133776,39096.2385978997,1.36984601365741,103.764315051619
HILLVIEW MRT STATION,510,UPPER BUKIT TIMAH ROAD,HILLVIEW MRT STATION,510 UPPER BUKIT TIMAH ROAD HILLVIEW MRT STATION SINGAPORE 678211,678211,20706.428302045,38326.8960984368,1.36288845715168,103.767780907707
BEAUTY WORLD MRT STATION,101,UPPER BUKIT TIMAH ROAD,BEAUTY WORLD MRT STATION,101 UPPER BUKIT TIMAH ROAD BEAUTY WORLD MRT STATION SINGAPORE 588216,588216,21592.8719098605,35895.6656477842,1.34090149001429,103.775746717778
KING ALBERT PARK MRT STATION,2,BLACKMORE DRIVE,KING ALBERT PARK MRT STATION,2 BLACKMORE DRIVE KING ALBERT PARK MRT STATION SINGAPORE 599987,599987,22426.3220593724,35341.8887923621,1.335893496278,103.783235863233
SIXTH AVENUE MRT STATION (DT7),777,BUKIT TIMAH ROAD,SIXTH AVENUE MRT STATION (DT7),777 BUKIT TIMAH ROAD SIXTH AVENUE MRT STATION (DT7) SINGAPORE 269784,269784,23947.7493738988,34785.0233010761,1.33085764536226,103.796906838288
TAN KAH KEE MRT STATION,651,BUKIT TIMAH ROAD,TAN KAH KEE MRT STATION,651 BUKIT TIMAH ROAD TAN KAH KEE MRT STATION SINGAPORE 266268,266268,25020.7282696236,34291.248031836,1.32639224146351,103.806548201692
BOTANIC GARDENS MRT STATION,100,CLUNY PARK ROAD,BOTANIC GARDENS MRT STATION,100 CLUNY PARK ROAD BOTANIC GARDENS MRT STATION SINGAPORE 257494,257494,26004.2227469468,33848.3595389649,1.32238699517166,103.815385463093
STEVENS MRT STATION (DT10),92,STEVENS ROAD,STEVENS MRT STATION (DT10),92 STEVENS ROAD STEVENS MRT STATION (DT10) SINGAPORE 257877,257877,27188.2299643802,33591.6608552355,1.32006555750626,103.826024401924
NEWTON MRT STATION,49,SCOTTS ROAD,NEWTON MRT STATION,49 SCOTTS ROAD NEWTON MRT STATION SINGAPORE 228234,228234,28524.5093542989,32762.8750020154,1.31257031730604,103.838031555215
LITTLE INDIA MRT STATION,60,BUKIT TIMAH ROAD,LITTLE INDIA MRT STATION,60 BUKIT TIMAH ROAD LITTLE INDIA MRT STATION SINGAPORE 229900,229900,29838.8603467131,32173.9034431651,1.30724381608438,103.849841614124
ROCHOR MRT STATION (DT13),11,ROCHOR CANAL ROAD,ROCHOR MRT STATION (DT13),11 ROCHOR CANAL ROAD ROCHOR MRT STATION (DT13) SINGAPORE 188505,188505,30164.7018503863,31798.8766778279,1.30385218527656,103.852769428884
BUGIS MRT STATION,320,VICTORIA STREET,BUGIS MRT STATION,320 VICTORIA STREET BUGIS MRT STATION SINGAPORE 188045,188045,30491.6001001745,31424.3513016403,1.3004650853709,103.855706731205
PROMENADE MRT STATION (CC4),2,TEMASEK AVENUE,PROMENADE MRT STATION (CC4),2 TEMASEK AVENUE PROMENADE MRT STATION (CC4) SINGAPORE 039193,039193,31008.3618750935,30709.2578067128,1.29399798636232,103.860350000188
BAYFRONT MRT STATION (DT16 / CE1),11,BAYFRONT AVENUE,BAYFRONT MRT STATION (DT16 / CE1),11 BAYFRONT AVENUE BAYFRONT MRT STATION (DT16 / CE1) SINGAPORE 018957,018957,30867.0092712184,29368.6250332333,1.28187378879209,103.859079764874
DOWNTOWN MRT STATION (DT17),15,CENTRAL BOULEVARD,DOWNTOWN MRT STATION (DT17),15 CENTRAL BOULEVARD DOWNTOWN MRT STATION (DT17) SINGAPORE 018969,018969,30172.6688074525,29100.2087655049,1.27944638178916,103.852840829581
TELOK AYER MRT STATION (DT18),7,CROSS STREET,TELOK AYER MRT STATION (DT18),7 CROSS STREET TELOK AYER MRT STATION (DT18) SINGAPORE 048416,048416,29706.1259155739,29390.1953907572,1.28206894769394,103.848648781083
CHINATOWN MRT STATION,151,NEW BRIDGE ROAD,CHINATOWN MRT STATION,151 NEW BRIDGE ROAD CHINATOWN MRT STATION SINGAPORE 059443,059443,29093.2593877828,29599.7432148103,1.2839640518753,103.843141945391
FORT CANNING MRT STATION (DT20),170,RIVER VALLEY ROAD,FORT CANNING MRT STATION (DT20),170 RIVER VALLEY ROAD FORT CANNING MRT STATION (DT20) SINGAPORE 179038,179038,29225.6276065866,30541.6087720692,1.29248194822996,103.844331362465
BENCOOLEN MRT STATION (DT21),31,BENCOOLEN STREET,BENCOOLEN MRT STATION (DT21),31 BENCOOLEN STREET BENCOOLEN MRT STATION (DT21) SINGAPORE 189658,189658,29895.8639496444,31253.3258734122,1.29891843369422,103.850353762717
JALAN BESAR MRT STATION (DT22),90,JALAN BESAR,JALAN BESAR MRT STATION (DT22),90 JALAN BESAR JALAN BESAR MRT STATION (DT22) SINGAPORE 208826,208826,30445.8529787809,31944.7496234626,1.3051713878069,103.855295713435
BENDEMEER MRT STATION (DT23),11,KALLANG BAHRU,BENDEMEER MRT STATION (DT23),11 KALLANG BAHRU BENDEMEER MRT STATION (DT23) SINGAPORE 339356,339356,31300.7676084097,32884.7709222045,1.31367252847691,103.862977620945
GEYLANG BAHRU MRT STATION (DT24),541,KALLANG BAHRU,GEYLANG BAHRU MRT STATION (DT24),541 KALLANG BAHRU GEYLANG BAHRU MRT STATION (DT24) SINGAPORE 339355,339355,32262.8612591857,33728.3126899004,1.32130110228321,103.871622627142
MATTAR MRT STATION (DT25),60,MERPATI ROAD,MATTAR MRT STATION (DT25),60 MERPATI ROAD MATTAR MRT STATION (DT25) SINGAPORE 379314,379314,33556.5834402461,34344.8585332558,1.32687671501334,103.883247509542
MACPHERSON MRT STATION,171,PAYA LEBAR ROAD,MACPHERSON MRT STATION,171 PAYA LEBAR ROAD MACPHERSON MRT STATION SINGAPORE 409048,409048,34308.9422410969,34340.774322873,1.32683963232487,103.890007860464
UBI MRT STATION (DT27),51,UBI AVENUE 2,UBI MRT STATION (DT27),51 UBI AVENUE 2 UBI MRT STATION (DT27) SINGAPORE 408899,408899,35334.8918333696,34687.4109907392,1.32997425973974,103.899226655439
KAKI BUKIT MRT STATION (DT28),30,KAKI BUKIT AVENUE 1,KAKI BUKIT MRT STATION (DT28),30 KAKI BUKIT AVENUE 1 KAKI BUKIT MRT STATION (DT28) SINGAPORE 415804,415804,36362.3782825153,35239.5522551257,1.33496735995428,103.908459338046
BEDOK NORTH MRT STATION (DT29),651,BEDOK NORTH ROAD,BEDOK NORTH MRT STATION (DT29),651 BEDOK NORTH ROAD BEDOK NORTH MRT STATION (DT29) SINGAPORE 479481,479481,37421.7438196167,35214.6803870108,1.33474211664091,103.91797832995
BEDOK RESERVOIR MRT STATION (DT30),371,BEDOK NORTH AVENUE 3,BEDOK RESERVOIR MRT STATION (DT30),371 BEDOK NORTH AVENUE 3 BEDOK RESERVOIR MRT STATION (DT30) SINGAPORE 469724,469724,39008.3131622663,35421.0408713054,1.33660782955099,103.932234623286
TAMPINES WEST MRT STATION (DT31),2,TAMPINES AVENUE 4,TAMPINES WEST MRT STATION (DT31),2 TAMPINES AVENUE 4 TAMPINES WEST MRT STATION (DT31) SINGAPORE 529683,529683,39698.5275852969,36406.0143331178,1.34551530560119,103.938436971222
TAMPINES MRT STATION (EW2),20,TAMPINES CENTRAL 1,TAMPINES MRT STATION (EW2),20 TAMPINES CENTRAL 1 TAMPINES MRT STATION (EW2) SINGAPORE 529538,529538,40444.9732025806,37267.0262664594,1.35330167637376,103.945144586749
TAMPINES EAST MRT STATION (DT33),20,TAMPINES AVENUE 7,TAMPINES EAST MRT STATION (DT33),20 TAMPINES AVENUE 7 TAMPINES EAST MRT STATION (DT33) SINGAPORE 529623,529623,41501.0748521937,37586.6177644413,1.35619148271544,103.9546344625
UPPER CHANGI MRT STATION (DT34),690,UPPER CHANGI ROAD EAST,UPPER CHANGI MRT STATION (DT34),690 UPPER CHANGI ROAD EAST UPPER CHANGI MRT STATION (DT34) SINGAPORE 485990,485990,42262.187971171,35988.6568845119,1.34173977444995,103.961472788634
EXPO MRT STATION (CG1),21,CHANGI SOUTH AVENUE 1,EXPO MRT STATION (CG1),21 CHANGI SOUTH AVENUE 1 EXPO MRT STATION (CG1) SINGAPORE 486065,486065,42270.6232344816,35193.6223453786,1.33454977824817,103.961548211018
WOODLANDS NORTH MRT STATION (TE1),20,WOODLANDS NORTH COAST ROAD,WOODLANDS NORTH MRT STATION (TE1),20 WOODLANDS NORTH COAST ROAD WOODLANDS NORTH MRT STATION (TE1) SINGAPORE 737668,737668,22699.9912448721,47770.3945726696,1.44829245259621,103.785692682441
WOODLANDS MRT STATION (NS9),30,WOODLANDS AVENUE 2,WOODLANDS MRT STATION (NS9),30 WOODLANDS AVENUE 2 WOODLANDS MRT STATION (NS9) SINGAPORE 738343,738343,22741.5981903812,46501.7861009166,1.43681962961519,103.786066799253
WOODLANDS SOUTH MRT STATION (TE3),30,WOODLANDS DRIVE 17,WOODLANDS SOUTH MRT STATION (TE3),30 WOODLANDS DRIVE 17 WOODLANDS SOUTH MRT STATION (TE3) SINGAPORE 737741,737741,23542.5545697259,45459.758821588,1.42739605281442,103.79326432221
SPRINGLEAF MRT STATION (TE4),825,UPPER THOMSON ROAD,SPRINGLEAF MRT STATION (TE4),825 UPPER THOMSON ROAD SPRINGLEAF MRT STATION (TE4) SINGAPORE 787140,787140,26279.3279363979,42162.9344399534,1.39758106126824,103.817856949947
LENTOR MRT STATION (TE5),1,LENTOR DRIVE,LENTOR MRT STATION (TE5),1 LENTOR DRIVE LENTOR MRT STATION (TE5) SINGAPORE 789361,789361,28269.897072956,40827.7939434573,1.38550657972169,103.835743809669
MAYFLOWER MRT STATION (TE6),91,ANG MO KIO AVENUE 4,MAYFLOWER MRT STATION (TE6),91 ANG MO KIO AVENUE 4 MAYFLOWER MRT STATION (TE6) SINGAPORE 569900,569900,28361.5950495424,39274.947190579,1.37146318831015,103.836567766945
BRIGHT HILL MRT STATION (TE7),100,SIN MING AVENUE,BRIGHT HILL MRT STATION (TE7),100 SIN MING AVENUE BRIGHT HILL MRT STATION (TE7) SINGAPORE 575737,575737,27952.7070973367,38370.443887597,1.36328318545185,103.832893619992
UPPER THOMSON MRT STATION (TE8),1,JALAN KELI,UPPER THOMSON MRT STATION (TE8),1 JALAN KELI UPPER THOMSON MRT STATION (TE8) SINGAPORE 577937,577937,27953.2465030747,37390.003691975,1.35441643365401,103.832898468504
CALDECOTT MRT STATION,38,TOA PAYOH RISE,CALDECOTT MRT STATION,38 TOA PAYOH RISE CALDECOTT MRT STATION SINGAPORE 298113,298113,28692.8318213131,35502.5785213858,1.33734722320212,103.839544077561
STEVENS MRT STATION (DT10),92,STEVENS ROAD,STEVENS MRT STATION (DT10),92 STEVENS ROAD STEVENS MRT STATION (DT10) SINGAPORE 257877,257877,27188.2299643802,33591.6608552355,1.32006555750626,103.826024401924
NAPIER MRT STATION (TE12),2,NAPIER ROAD,NAPIER MRT STATION (TE12),2 NAPIER ROAD NAPIER MRT STATION (TE12) SINGAPORE 258511,258511,26401.666707457,32122.8625724912,1.30678223364785,103.818956796815
ORCHARD BOULEVARD MRT STATION (TE13),20,ORCHARD BOULEVARD,ORCHARD BOULEVARD MRT STATION (TE13),20 ORCHARD BOULEVARD ORCHARD BOULEVARD MRT STATION (TE13) SINGAPORE 248654,248654,26948.2945375377,31640.7552477568,1.30242224836722,103.823868523249
ORCHARD MRT STATION (NS22),437,ORCHARD ROAD,ORCHARD MRT STATION (NS22),437 ORCHARD ROAD ORCHARD MRT STATION (NS22) SINGAPORE 238878,238878,27880.5476490632,31813.0165782962,1.30398013681715,103.832245244375
GREAT WORLD MRT STATION (TE15),351,RIVER VALLEY ROAD,GREAT WORLD MRT STATION (TE15),351 RIVER VALLEY ROAD GREAT WORLD MRT STATION (TE15) SINGAPORE 238384,238384,28044.7678659763,30703.7324468214,1.29394816169384,103.833720837731
HAVELOCK MRT STATION (TE16),110,ZION ROAD,HAVELOCK MRT STATION (TE16),110 ZION ROAD HAVELOCK MRT STATION (TE16) SINGAPORE 168604,168604,28029.7436560951,30101.8822241165,1.28850523975311,103.833585838226
OUTRAM PARK MRT STATION (EW16),10,OUTRAM ROAD,OUTRAM PARK MRT STATION (EW16),10 OUTRAM ROAD OUTRAM PARK MRT STATION (EW16) SINGAPORE 169037,169037,28646.8726726929,29316.780396251,1.28140504772213,103.839130979249
MAXWELL MRT STATION (TE18),321,SOUTH BRIDGE ROAD,MAXWELL MRT STATION (TE18),321 SOUTH BRIDGE ROAD MAXWELL MRT STATION (TE18) SINGAPORE 058841,058841,29175.8088360233,29220.3885515537,1.28053329842878,103.843883670633
SHENTON WAY MRT STATION (TE19),2,PARK STREET,SHENTON WAY MRT STATION (TE19),2 PARK STREET SHENTON WAY MRT STATION (TE19) SINGAPORE 018928,018928,29897.4191489154,28908.9617211055,1.2777168283425,103.850367596067
MARINA BAY MRT STATION,21,PARK STREET,MARINA BAY MRT STATION,21 PARK STREET MARINA BAY MRT STATION SINGAPORE 018925,018925,30369.0068661757,28753.5319017563,1.27631114381584,103.854604975361
GARDENS BY THE BAY MRT STATION (TE22),11,MARINA MALL,GARDENS BY THE BAY MRT STATION (TE22),11 MARINA MALL GARDENS BY THE BAY MRT STATION (TE22) SINGAPORE 019396,019396,31799.0721787345,28994.1708776113,1.27848725876303,103.867454664421
TANJONG RHU MRT STATION (TE23),2,TANJONG RHU PLACE,TANJONG RHU MRT STATION (TE23),2 TANJONG RHU PLACE TANJONG RHU MRT STATION (TE23) SINGAPORE 436488,436488,32466.6345270379,31070.5354917869,1.29726507940646,103.873453254621
KATONG PARK MRT STATION (TE24),45,MEYER ROAD,KATONG PARK MRT STATION (TE24),45 MEYER ROAD KATONG PARK MRT STATION (TE24) SINGAPORE 437870,437870,33882.890949796,31133.1909445133,1.29783147778951,103.886178949925
TANJONG KATONG MRT STATION (TE25),2,AMBER ROAD,TANJONG KATONG MRT STATION (TE25),2 AMBER ROAD TANJONG KATONG MRT STATION (TE25) SINGAPORE 439846,439846,35128.2119915774,31297.7308518719,1.29931925769899,103.897368742078
MARINE PARADE MRT STATION (TE26),101,MARINE PARADE ROAD,MARINE PARADE MRT STATION (TE26),101 MARINE PARADE ROAD MARINE PARADE MRT STATION (TE26) SINGAPORE 449971,449971,35975.6107479017,31661.8079924919,1.30261163483383,103.904983086812
MARINE TERRACE MRT STATION (TE27),304,MARINE PARADE ROAD,MARINE TERRACE MRT STATION (TE27),304 MARINE PARADE ROAD MARINE TERRACE MRT STATION (TE27) SINGAPORE 449970,449970,37102.263435401,32110.0544330366,1.30666510344814,103.9151067005
SIGLAP MRT STATION (TE28),1000,MARINE PARADE ROAD,SIGLAP MRT STATION (TE28),1000 MARINE PARADE ROAD SIGLAP MRT STATION (TE28) SINGAPORE 449969,449969,38762.6117753303,32479.831004722,1.31000869432289,103.930025826708
BAYSHORE MRT STATION (TE29),31,BAYSHORE ROAD,BAYSHORE MRT STATION (TE29),31 BAYSHORE ROAD BAYSHORE MRT STATION (TE29) SINGAPORE 469958,469958,40129.6870528692,32824.1944562085,1.31312248291264,103.942309776767
CHOA CHU KANG LRT STATION (BP1),15,CHOA CHU KANG AVENUE 4,CHOA CHU KANG LRT STATION (BP1),15 CHOA CHU KANG AVENUE 4 CHOA CHU KANG LRT STATION (BP1) SINGAPORE 689813,689813,18119.8205469949,40744.9184182286,1.38475541089131,103.74453769781
SOUTH VIEW LRT STATION (BP2),50,CHOA CHU KANG WAY,SOUTH VIEW LRT STATION (BP2),50 CHOA CHU KANG WAY SOUTH VIEW LRT STATION (BP2) SINGAPORE 688265,688265,18203.72427563,40252.0686228592,1.38029828742399,103.745291799824
KEAT HONG LRT STATION (BP3),30,CHOA CHU KANG WAY,KEAT HONG LRT STATION (BP3),30 CHOA CHU KANG WAY KEAT HONG LRT STATION (BP3) SINGAPORE 688266,688266,18622.5893422375,40064.6246900782,1.3786032506373,103.749055668925
TECK WHYE LRT STATION (BP4),10,CHOA CHU KANG WAY,TECK WHYE LRT STATION (BP4),10 CHOA CHU KANG WAY TECK WHYE LRT STATION (BP4) SINGAPORE 688267,688267,19140.8000152688,39852.4607739244,1.37668467920808,103.753712232337
PHOENIX LRT STATION (BP5),40,CHOA CHU KANG ROAD,PHOENIX LRT STATION (BP5),40 CHOA CHU KANG ROAD PHOENIX LRT STATION (BP5) SINGAPORE 689483,689483,19617.4881601976,40065.9404090624,1.37861545104083,103.757995558346
BUKIT PANJANG LRT STATION (BP6),11,PETIR ROAD,BUKIT PANJANG LRT STATION (BP6),11 PETIR ROAD BUKIT PANJANG LRT STATION (BP6) SINGAPORE 678268,678268,20185.8730407264,39989.791610267,1.37792694616982,103.763102931112
PETIR LRT STATION (BP7),31,PETIR ROAD,PETIR LRT STATION (BP7),31 PETIR ROAD PETIR LRT STATION (BP7) SINGAPORE 678269,678269,20580.1479736092,39972.6518196631,1.37777204259082,103.766645782497
PENDING LRT STATION (BP8),9,PENDING ROAD,PENDING LRT STATION (BP8),9 PENDING ROAD PENDING LRT STATION (BP8) SINGAPORE 678296,678296,21093.7792520449,39791.7041831557,1.37613574334988,103.771261175571
BANGKIT LRT STATION (BP9),20,BUKIT PANJANG RING ROAD,BANGKIT LRT STATION (BP9),20 BUKIT PANJANG RING ROAD BANGKIT LRT STATION (BP9) SINGAPORE 679939,679939,21248.0565876467,40221.4484106153,1.38002223010088,103.772647370452
FAJAR LRT STATION (BP10),40,FAJAR ROAD,FAJAR LRT STATION (BP10),40 FAJAR ROAD FAJAR LRT STATION (BP10) SINGAPORE 679004,679004,21052.1874405267,40724.6743432153,1.38457317668026,103.770887223018
SEGAR LRT STATION (BP11),50,BUKIT PANJANG RING ROAD,SEGAR LRT STATION (BP11),50 BUKIT PANJANG RING ROAD SEGAR LRT STATION (BP11) SINGAPORE 679940,679940,20908.9104285147,41079.8350806553,1.38778508663361,103.769599685249
JELAPANG LRT STATION (BP12),70,BUKIT PANJANG RING ROAD,JELAPANG LRT STATION (BP12),70 BUKIT PANJANG RING ROAD JELAPANG LRT STATION (BP12) SINGAPORE 679941,679941,20345.1711083958,40964.2096878495,1.38673926997961,103.76453408646
SENJA LRT STATION (BP13),90,BUKIT PANJANG RING ROAD,SENJA LRT STATION (BP13),90 BUKIT PANJANG RING ROAD SENJA LRT STATION (BP13) SINGAPORE 679942,679942,20101.4576015575,40520.3910598382,1.38272547134453,103.76234425472
SENGKANG LRT STATION (STC),5,SENGKANG SQUARE,SENGKANG LRT STATION (STC),5 SENGKANG SQUARE SENGKANG LRT STATION (STC) SINGAPORE 545062,545062,34913.5878634388,41502.6996980961,1.39160936379906,103.895442583336
COMPASSVALE LRT STATION (SE1),10,COMPASSVALE STREET,COMPASSVALE LRT STATION (SE1),10 COMPASSVALE STREET COMPASSVALE LRT STATION (SE1) SINGAPORE 545055,545055,35475.5631351992,41821.5781126507,1.39449304450373,103.900492450944
RUMBIA LRT STATION (SE2),70,RIVERVALE DRIVE,RUMBIA LRT STATION (SE2),70 RIVERVALE DRIVE RUMBIA LRT STATION (SE2) SINGAPORE 545054,545054,36085.5523884585,41487.1566344369,1.39146849534132,103.90597359341
BAKAU LRT STATION (SE3),50,RIVERVALE DRIVE,BAKAU LRT STATION (SE3),50 RIVERVALE DRIVE BAKAU LRT STATION (SE3) SINGAPORE 545053,545053,36023.4333449397,41102.9966866206,1.38799431054768,103.905415300171
KANGKAR LRT STATION (SE4),20,RIVERVALE DRIVE,KANGKAR LRT STATION (SE4),20 RIVERVALE DRIVE KANGKAR LRT STATION (SE4) SINGAPORE 545052,545052,35668.448192073,40656.7945456952,1.38395911688913,103.90222537044
RANGGUNG LRT STATION (SE5),30,SENGKANG EAST AVENUE,RANGGUNG LRT STATION (SE5),30 SENGKANG EAST AVENUE RANGGUNG LRT STATION (SE5) SINGAPORE 545046,545046,35108.5940098073,40687.1253354792,1.38423355918277,103.897194667804
CHENG LIM LRT STATION (SW1),5,ANCHORVALE STREET,CHENG LIM LRT STATION (SW1),5 ANCHORVALE STREET CHENG LIM LRT STATION (SW1) SINGAPORE 545047,545047,34730.4628995238,42018.8888330311,1.39627763344324,103.893797181731
FARMWAY LRT STATION (SW2),35,ANCHORVALE STREET,FARMWAY LRT STATION (SW2),35 ANCHORVALE STREET FARMWAY LRT STATION (SW2) SINGAPORE 545048,545048,34230.5208312804,42117.5715403445,1.39717019591821,103.889304824196
KUPANG LRT STATION (SW3),60,FERNVALE STREET,KUPANG LRT STATION (SW3),60 FERNVALE STREET KUPANG LRT STATION (SW3) SINGAPORE 797697,797697,33334.8164311657,42232.8410119303,1.39821283031379,103.881256222255
THANGGAM LRT STATION (SW4),40,FERNVALE ROAD,THANGGAM LRT STATION (SW4),40 FERNVALE ROAD THANGGAM LRT STATION (SW4) SINGAPORE 797699,797699,32709.2687078444,42133.9003911279,1.39731815581938,103.875635154729
FERNVALE LRT STATION (SW5),10,FERNVALE ROAD,FERNVALE LRT STATION (SW5),10 FERNVALE ROAD FERNVALE LRT STATION (SW5) SINGAPORE 797698,797698,32784.2279748796,41533.229409067,1.39188589234766,103.87630862552
LAYAR LRT STATION (SW6),11,SENGKANG WEST AVENUE,LAYAR LRT STATION (SW6),11 SENGKANG WEST AVENUE LAYAR LRT STATION (SW6) SINGAPORE 797700,797700,33198.3233218081,41554.6826597638,1.39207983659997,103.880029600546
TONGKANG LRT STATION (SW7),80,SENGKANG EAST AVENUE,TONGKANG LRT STATION (SW7),80 SENGKANG EAST AVENUE TONGKANG LRT STATION (SW7) SINGAPORE 545050,545050,33845.4132231614,41252.6175956074,1.38934794658941,103.885844150116
RENJONG LRT STATION (SW8),60,SENGKANG EAST AVENUE,RENJONG LRT STATION (SW8),60 SENGKANG EAST AVENUE RENJONG LRT STATION (SW8) SINGAPORE 545049,545049,34377.0569484383,40959.8985281233,1.38670058991904,103.89062131608
PUNGGOL MRT STATION (NE17),70,PUNGGOL CENTRAL,PUNGGOL MRT STATION (NE17),70 PUNGGOL CENTRAL PUNGGOL MRT STATION (NE17) SINGAPORE 828868,828868,35651.382800173,42933.2482692804,1.40454653668991,103.902072622229
COVE LRT STATION (PE1),50,PUNGGOL FIELD,COVE LRT STATION (PE1),50 PUNGGOL FIELD COVE LRT STATION (PE1) SINGAPORE 828858,828858,36084.2289814064,42351.133770803,1.39928198837342,103.905961941214
MERIDIAN LRT STATION (PE2),60,PUNGGOL FIELD,MERIDIAN LRT STATION (PE2),60 PUNGGOL FIELD MERIDIAN LRT STATION (PE2) SINGAPORE 828857,828857,36416.793337211,42089.08824775,1.3969120498774,103.908950224489
CORAL EDGE LRT STATION (PE3),70,PUNGGOL FIELD,CORAL EDGE LRT STATION (PE3),70 PUNGGOL FIELD CORAL EDGE LRT STATION (PE3) SINGAPORE 828856,828856,36820.844465619,41757.0644781347,1.39390922863313,103.912580845515
RIVIERA LRT STATION (PE4),40,PUNGGOL EAST,RIVIERA LRT STATION (PE4),40 PUNGGOL EAST RIVIERA LRT STATION (PE4) SINGAPORE 828852,828852,37220.1990320655,41824.5905639976,1.39451978540251,103.916169381157
KADALOOR LRT STATION (PE5),60,PUNGGOL DRIVE,KADALOOR LRT STATION (PE5),60 PUNGGOL DRIVE KADALOOR LRT STATION (PE5) SINGAPORE 828853,828853,37265.3166702027,42376.2865863442,1.39950910636258,103.916574974234
OASIS LRT STATION (PE6),50,PUNGGOL DRIVE,OASIS LRT STATION (PE6),50 PUNGGOL DRIVE OASIS LRT STATION (PE6) SINGAPORE 828854,828854,36837.1174417054,42683.4020451903,1.40228667971123,103.912727352412
DAMAI LRT STATION (PE7),40,PUNGGOL DRIVE,DAMAI LRT STATION (PE7),40 PUNGGOL DRIVE DAMAI LRT STATION (PE7) SINGAPORE 828855,828855,36378.1826799456,43009.3794218432,1.40523483636957,103.908603542566
SAM KEE LRT STATION (PW1),10,SENTUL CRESCENT,SAM KEE LRT STATION (PW1),10 SENTUL CRESCENT SAM KEE LRT STATION (PW1) SINGAPORE 828851,828851,35958.3967099339,43493.4470222741,1.40961268528804,103.904831550608
TECK LEE LRT STATION (PW2),101,PONGGOL SEVENTEENTH AVENUE,TECK LEE LRT STATION (PW2),101 PONGGOL SEVENTEENTH AVENUE TECK LEE LRT STATION (PW2) SINGAPORE 828861,828861,36152.699307289,43842.6720870361,1.4127708937463,103.906577622768
PUNGGOL POINT LRT STATION (PW3),81,PUNGGOL WAY,PUNGGOL POINT LRT STATION (PW3),81 PUNGGOL WAY PUNGGOL POINT LRT STATION (PW3) SINGAPORE 828644,828644,36160.8274716362,44293.556079682,1.41684852031206,103.906650789313
SAMUDERA LRT STATION (PW4),61,PUNGGOL WAY,SAMUDERA LRT STATION (PW4),61 PUNGGOL WAY SAMUDERA LRT STATION (PW4) SINGAPORE 828645,828645,35660.6597858425,44188.8484394047,1.41590172160383,103.902156317163
NIBONG LRT STATION (PW5),41,PUNGGOL WAY,NIBONG LRT STATION (PW5),41 PUNGGOL WAY NIBONG LRT STATION (PW5) SINGAPORE 828862,828862,35458.481398589,43741.3183814995,1.41185447744238,103.900339452055
SUMANG LRT STATION (PW6),31,PUNGGOL WAY,SUMANG LRT STATION (PW6),31 PUNGGOL WAY SUMANG LRT STATION (PW6) SINGAPORE 828863,828863,35260.291393281,43365.130112553,1.40845241943079,103.898558450395
SOO TECK LRT STATION (PW7),21,PUNGGOL WAY,SOO TECK LRT STATION (PW7),21 PUNGGOL WAY SOO TECK LRT STATION (PW7) SINGAPORE 828864,828864,35119.198004419,43019.1258336715,1.40532331860455,103.897290522033
